<?xml version="1.0" encoding="ISO-8859-1"?>
<?xml-stylesheet type="text/xsl" href="BibliotecaLibroMayor12.xsl"?>
<libreria>
    <libro>
        <titulo>Physics-based animation</titulo>
        <autor>Kenny Erleben</autor>
        <editor>Charles River Media</editor>
        <isbn>978-1584503804</isbn>
        <precio>50,06</precio>
    </libro>
    <libro>
        <titulo>Principios de seguridad informatica para usuarios</titulo>
        <autor>Carlos Garre</autor>
        <editor>Dykinson</editor>
        <isbn>978-84-9849-998-8</isbn>
        <precio>13.00</precio>
    </libro>
    <!-- Repetir autor-->
    <libro>
        <titulo>Principios de ciberseguridad</titulo>
        <autor>Carlos Garre</autor>
        <editor>Dykinson</editor>
        <isbn>978-84-9849-998-0</isbn>
        <precio>13.00</precio>
    </libro>
    <libro>
        <titulo>Ejercicios complementarios de lógica digital</titulo>
        <autor>Alberto Sanchez</autor>
        <editor>Dykinson</editor>
        <isbn>978-84-9849-703-8</isbn>
        <precio>12.00</precio>
    </libro>
    <!-- Libros inferiores a 10.50€-->
    <!-- Libro 1-->
    <libro>
        <titulo>Introducción a Java</titulo>
        <autor>Luis Ramos</autor>
        <editor>Desconocido</editor>
        <isbn>9781105822773</isbn>
        <precio>9.00</precio>
        <!-- Insertar numPaginas-->
        <numPaginas>160</numPaginas>

    </libro>
    <!-- Libro 2-->
    <libro>
        <titulo>Introducción a Python</titulo>
        <autor>Antonio Luis</autor>
        <editor>Desconocido</editor>
        <isbn>9781105829873</isbn>
        <precio>8.50</precio>
        <!-- Insertar numPaginas-->
        <numPaginas>145</numPaginas>

    </libro>
    <!-- Libro 3-->
    <libro>
        <titulo>Introducción a Redes Locales</titulo>
        <autor>Desconocido</autor>
        <editor>Desconocido</editor>
        <isbn>978110582987</isbn>
        <precio>0.00</precio>
        <!-- Insertar numPaginas-->
        <numPaginas>230</numPaginas>

    </libro>
    <!-- Libro 4-->
    <libro>
        <titulo>Libro introducción a la programación con Rust </titulo>
        <autor>Tomas Gonzalez</autor>
        <editor>S/N</editor>
        <isbn>B0CG7L4HQ8(ASIN)</isbn>
        <precio>10.20</precio>
        <!-- Insertar numPaginas-->
        <numPaginas>170</numPaginas>

    </libro>
    <!-- Libro 5-->
    <libro>
        <titulo>Aprende JavaScript en un fin de semana</titulo>
        <autor>Alfredo Moreno</autor>
        <editor>Independently published</editor>
        <isbn>979-8741180730</isbn>
        <precio>8.99</precio>
        <!-- Insertar numPaginas-->
        <numPaginas>156</numPaginas>

    </libro>
    <!-- Libro 6-->
    <libro>
        <titulo>Introducción a C</titulo>
        <autor>Sebastián Dormido Bencomo(Traductor)</autor>
        <editor>MCGRAW-HILL / INTERAMERICANA DE ESPAÑA</editor>
        <isbn>9788476151983</isbn>
        <precio>7.23</precio>
        <!-- Insertar numPaginas-->
        <numPaginas>320</numPaginas>

    </libro>
    <!-- Libro 7-->
    <libro>
        <titulo>Introducción a PHP y HTML</titulo>
        <autor>Matias Fossati</autor>
        <editor>Desconocido</editor>
        <isbn>S/N</isbn>
        <precio>3.79</precio>
        <!-- Insertar numPaginas-->
        <numPaginas>65</numPaginas>
    </libro>
    <!-- Libro 8-->
    <libro>
        <titulo>SQL para sobrevivir: Aprende SQL desde cero ahorrando tiempo y esfuerzo</titulo>
        <autor>Sergio Garrido Barrientos</autor>
        <editor>Independently published </editor>
        <isbn>979-8745336898</isbn>
        <precio>8.94</precio>
        <!-- Insertar numPaginas-->
        <numPaginas>149</numPaginas>
    </libro>
    <!-- Libro 9-->
    <libro>
        <titulo>Introducción a las bases de datos. Nosql usando MongoDB</titulo>
        <autor>Antonio Sarasa Cabezuelo</autor>
        <editor> Editorial UOC, S.L.</editor>
        <isbn>978-8491162667</isbn>
        <precio>9.99</precio>
        <!-- Insertar numPaginas-->
        <numPaginas>306</numPaginas>
    </libro>
    <!-- Libro 10-->
    <libro>
        <titulo>Introducción a la programación con R</titulo>
        <autor>Juan José de Haro</autor>
        <editor>Independently published</editor>
        <isbn>978-1521765982</isbn>
        <precio>9.99</precio>
        <!-- Insertar numPaginas-->
        <numPaginas>151</numPaginas>
    </libro>
    <!-- Añadir Libros-->
    <libro>
        <titulo>Nuevo Libro 1</titulo>
        <autor>Autor Nuevo</autor>
        <editor>Editorial Nueva</editor>
        <isbn>978-1234567890</isbn>
        <precio>10.50</precio>
    </libro>
    <libro>
        <titulo>Nuevo Libro 2</titulo>
        <autor>Autor Nuevo</autor>
        <editor>Editorial Nueva</editor>
        <isbn>978-0987654321</isbn>
        <precio>12.50</precio>
    </libro>
</libreria>
